name,url
Ray-Ban,https://ray-ban.com
Sunglass Hut,https://sunglasshut.com
1001 Pharmacies,https://1001pharmacies.com
32 degrees,https://32degrees.com
34 Heritage,https://34heritage.com
3Suisses,https://3suisses.be
47Brand,https://47brand.com
511 Tactical,https://511tactical.com
525 America,https://525america.com
6 Dollar Shirts,https://6dollarshirts.com
7 For All Mankind,https://7forallmankind.com
8 Ball UK,https://8ball.co.uk
89th + Madison,https://89thandmadison.com
ABC Carpet & Home,https://abchome.com
ABOUT YOU,https://about-you.hr
Accent Clothing,https://accentclothing.com
Accessories That Rock!,https://accessthatrock.com
Accessorize,https://accessorize.com
activate apparel,https://activateapparel.com
ADCELL,https://adcell.de
Adidas,https://adidas.com
Adollia,https://adollia.com
Adore Me,https://adoreme.com
ADORNit,https://adornit.com
Aeropostale,https://aeropostale.com
Aerosoles,https://aerosoles.com
Affliction Clothing,https://afflictionclothingstore.com
Aftershock,https://aftershockplc.com
AG Adriano Goldschmied,https://agjeans.com
Agent Provocateur,https://agentprovocateur.com
AHAlife,https://ahalife.com
Alba Moda,https://albamoda.at
Aldo Canada,https://aldoshoes.com
Alex and Ani,https://alexandani.com
AlexandAlexa.com,https://alexandalexa.com
Alexander McQueen,https://alexandermcqueen.com
Alexander Wang,https://alexanderwang.com
Alexis Bittar,https://alexisbittar.com
Alice + Olivia,https://aliceandolivia.com
AliExpress,https://aliexpress.com
Allen Edmonds,https://allenedmonds.com
Allikestore.com,https://allikestore.com
Alloy,https://alloyapparel.com
AllSaints,https://allsaints.com
Allsole,https://allsole.com
Alo Yoga,https://aloyoga.com
Aloha Contacts,https://alohacontacts.com
Alpha Industries,https://alphaindustries.com
alpiniste.fr,https://alpiniste.fr
Alternative Apparel,https://alternativeapparel.com
Altitude-sports.com,https://altitude-sports.com
Amazon,https://amazon.com
Amazplus,https://amazplus.com
Ambrose Wilson,https://ambrosewilson.com
amerimark.com,https://amerimark.com
amfibi.com,https://amfibi.com
AMI clubwear,https://amiclubwear.com
amritasingh.com,https://amritasingh.com
AndOtherBrands,https://oasis-stores.com
Andrew Marc,https://andrewmarc.com
aninebing.com,https://aninebing.com
Ann Taylor,https://anntaylor.com
AnneKlein,https://anneklein.com
Anthropologie,https://anthropologie.com
Antix Clothing,https://iloveantix.com
Any Promo Inc.,https://anypromo.com
ao.com,https://ao.com
APHRODITE 1994,https://aphrodite1994.com
appaman.com,https://appaman.com
ApparelnBags.com,https://apparelnbags.com
appleseeds.com,https://appleseeds.com
Ardene,https://ardene.com
Argento,https://argento.co.uk
armedangels.de,https://armedangels.de
Armoire Style,https://armoire.style
ArtsCow.com,https://artscow.com
ASDA,https://asda.com
Ashbury Skies,https://ashburyskies.com
Ashley Stewart,https://ashleystewart.com
ASOS,https://topshop.com
ASOS INTL,https://asos.com
ASPIGA,https://aspiga.com
Astley Clarke,https://astleyclarke.com
Astrid & Miyu UK,https://astridandmiyu.com
Ateliergs.de,https://ateliergs.de
Athleta,https://athleta.gap.com
Atlas Editions,https://atlas-editions.de
Atlas For Men,https://atlasformen.ch
Attitude Clothing,https://attitudeclothing.co.uk
Australian Ugg Boots,https://australianuggboots.com.au
australian-native.com.au,https://australian-native.com.au
Avocadostore,https://avocadostore.de
Axel Arigato,https://axelarigato.com
B2C Jewels,https://b2cjewels.com
Babybasket,https://babybasket.com
Backwoods,https://backwoods.com
bademantel,https://bademantelonline.de
badjasparadijs.nl,https://badjasparadijs.nl
Bag Inc.,https://baginc.com
BAGGU,https://baggu.com
BagInc,https://baginc.com
BagsOnline,https://bagsonline.com
Bally,https://bally.com
Bally AU,https://bally.com
Bambino Direct,https://bambinodirect.co.uk
Banana Republic,https://bananarepublic.gap.com
bananashoes.com,https://bananashoes.com
BangGood.com,https://banggood.com
bankowski.de,https://bankowski.de
Bär Schuhe DE,https://baer-schuhe.de
Bare Necessities,https://barenecessities.com
bareminerals,https://bareminerals.com
bargainsforyouall,https://bargainsforyouall.com
Base Fashion,https://basefashion.co.uk
Base London,https://baselondon.com
Bates Footwear,https://batesfootwear.com
BathroomWall,https://bathroomwall.co.uk
BauBax,https://baubax.com
Baukjen,https://baukjen.com
BCBG,https://bcbg.com
Bealls,https://beallsflorida.com
Beara Beara,https://bearabeara.co.uk
Beau-coup Favors,https://beau-coup.com
BeautyTrends,https://beautytrends.com
Beddinginn,https://beddinginn.com
BeginningBoutique.com,https://beginningboutique.com
Belk,https://belk.com
Belle Lingerie,https://belle-lingerie.co.uk
Belstaff,https://belstaff.com
Belt Outlet,https://beltoutlet.com
Berg's Ski and Snowboard Shop,https://bergsskishop.com
Bergdorf Goodman,https://bergdorfgoodman.com
Bergfreunde.de,https://bergfreunde.co.uk
Berrylook,https://berrylook.com
Besame Cosmetics,https://besamecosmetics.com
besser gehen,https://bessergehen.com
Best Bridal Prices,https://bestbridalprices.com
best insoles,https://bestinsoles.com
best-underwear.de,https://best-underwear.de
Betsey Johnson,https://betseyjohnson.com
bhcosmetics.com,https://bhcosmetics.com
BHLDN,https://bhldn.com
bidz.com,https://bidz.com
Big Toe Soccer,https://bigtoe.com
biggerbras.com,https://biggerbras.com
Billabong.com,https://billabong.com
Birchbox US,https://birchbox.com
Birdsnest,https://birdsnest.com.au
birkenstock.com,https://birkenstock.com
BjornBorg,https://bjornborg.com
bjs.com,https://bjs.com
Black Halo,https://blackhalo.com
Black Helmet Apparel,https://blackhelmetapparel.com
BlackOvis.com,https://blackovis.com
Blair,https://blair.com
blanknyc.com,https://blanknyc.com
blinq.com,https://blinq.com
Bloomingdale's,https://bloomingdales.com
Blue & Cream,https://blueandcream.com
blue&cream,https://blueandcream.com
bluemercury,https://bluemercury.com
Bluenotes,https://blnts.com
Bobwards.com,https://bobwards.com
bodega,https://bdgastore.com
Boden,https://boden.com
boden mode,https://bodendirect.at
Boden US,https://bodenusa.com
bodybody.com,https://bodybody.com
bodyglove.com,https://bodyglove.com
BODYJEWELRY.COM,https://bodyjewelry.com
bodyman.dk,https://bodyman.dk
Bogner,https://bogner.com
Bogs Footwear (Weyco),https://bogsfootwear.com
Bonanza,https://bonanza.com
Bonds,https://bonds.com.au
Bongo - BE,https://bongo.be
Bonmarche,https://bonmarche.co.uk
bonprix DE,https://bonprix.com
Bonprix FR,https://bonprix.at
Bonprix UK,https://bonprix.co.uk
bonprix.it,https://bonprix.it
Born Shoes,https://bornshoes.com
bornforstyle.de,https://bornforstyle.de
Boscov's,https://boscovs.com
Boston Proper,https://bostonproper.com
BottegaVerde IT,https://bottegaverde.de
Bottle Breacher,https://bottlebreacher.com
Boutique Jewles,https://boutiquejewels.com
boutique1.com,https://boutique1.com
Boux Avenue,https://bouxavenue.com
bowlingshirt.com,https://bowlingshirt.com
box-clothing.co.uk,https://box-clothing.co.uk
BrandAlley,https://brandalley.co.uk
Brandos,https://brandos.no
BrandsMart USA,https://brandsmartusa.com
brastop.com,https://brastop.com
Brenthaven,https://brenthaven.com
Bric's,https://bricstore.com
brille24.de,https://brille24.de
brilliantearth.com,https://brilliantearth.com
Brooks Brothers,https://brooksbrothers.com
Brooks Running,https://brooksrunning.com
Brown Bag Clothing,https://bbclothing.co.uk
Browns,https://brownsfashion.com
bstnstore.com,https://bstnstore.com
Bubbles Bodywear,https://lovemybubbles.com
Buckle,https://buckle.com
Bugatchi,https://bugatchi.com
BULBBY,https://bulbby.de
Burberry,https://burberry.com
burdastyle.com,https://burdastyle.com
Burkes Outlet,https://burkesoutlet.com
burner.de,https://parallels.com
Burton,https://burton.com
Butterfly Twists,https://butterflytwists.com
Buy,https://buy.com
Buy Cool Shirts,https://buycoolshirts.com
Buy Now or Never,https://buynowornever.com
buywake.com,https://buywake.com
Calvin Klein,https://calvinklein.com
Calzedonia IT,https://calzedonia.com
Camilla and Marc,https://camillaandmarc.com
canterbury.com,https://canterbury.com
capspin,https://capspin.de
Carbon38,https://carbon38.com
Carhartt,https://carhartt.com
Cariuma,https://cariuma.com
Carl Scarpa IE,https://carlscarpa.com
Carmen Sol,https://carmensol.com
Carnet de Mode,https://carnetdemode.com
Carolina Footwear,https://carolinashoe.com
Casadei,https://casadei.com
Casetify,https://casetify.com
Cat Footwear,https://catfootwear.com
Catalink,https://catalink.com
Cath Kidston,https://cathkidston.co.uk
catherines.com,https://catherines.com
cellphonecases.com,https://cellphonecases.com
Cents of Style,https://mycentsofstyle.com
Century 21 Department Store,https://c21stores.com
Chacos.com,https://chacos.com
championusa.com,https://championusa.com
Champs Sports,https://champssports.com
Chargrilled,https://chargrilled.co.uk
Charles Clinkard,https://charlesclinkard.co.uk
Charles Tyrwhitt UK,https://ctshirts.com
charleskeith.com,https://charleskeith.com
Charlotte Tilbury,https://charlottetilbury.com
CharmingCharlie,https://charmingcharlie.com
chaserbrand.com,https://chaserbrand.com
Checks SuperStore,https://checks-superstore.com
Chic Star,https://chicstar.com
Chicos,https://chicos.com
Chicwish,https://jp.chicwish.com
Chin Up Apparel,https://chinupapparel.com
Chinese Laundry,https://chineselaundry.com
Chinti and Parker,https://chintiandparker.com
Chipkos,https://chipkos.com
Christopher&Banks,https://christopherandbanks.com
Chrome Industries,https://chromeindustries.com
cinda clothing,https://cindaclothing.co.uk
cinquestore.de,https://cinquestore.de
City Chic AU,https://citychic.com.au
Clarks,https://clarksusa.com
Clarks UK,https://clarks.com
Clickhere2shop,https://clickhere2shop.com
Club Monaco,https://clubmonaco.com
Coach,https://coach.com
Coach Outlet,https://coachoutlet.com
Coalatree Organics,https://coalatree.com
Coast Stores,https://coast-stores.com
Coggles,https://coggles.com
Cole Haan,https://colehaan.com
Collections Etc,https://collectionsetc.com
Columbia Sportswear,https://columbia.com
combatflipflops.com,https://combatflipflops.com
Competitive Cyclist,https://competitivecyclist.com
Contact Lens King,https://contactlensking.com
Converse,https://converse.com
cookieskids.com,https://cookieskids.com
Cool Glow,https://coolglow.com
corkor.com,https://corkor.com
Corner Stork Baby Gifts,https://cornerstorkbabygifts.com
COS,https://cosstores.com
Cosabella,https://cosabella.com
cosbar,https://cosbar.com
costumebox.com.au,https://costumebox.com.au
costumecity.com,https://costumecity.com
Costumes4Less,https://costumes4less.com
cosyfeet.com,https://cosyfeet.com
cotton on,https://cottonon.com
cottontraders.co.uk,https://cottontraders.com
Country Attire Ltd,https://countryattire.com
Country House Outdoor,https://countryhouseoutdoor.co.uk
cousins brand,https://cousinsbrand.com
COVETI,https://coveti.com
craft-sports.de,https://craft-sports.de
Crazy Dog Tshirts,https://crazydogtshirts.com
Crazy Shirts,https://crazyshirts.com
Crew Clothing,https://crewclothing.co.uk
Crocs,https://crocs.com
Crocs IT,https://crocsitalia.it
Cross,https://cross.com
crownjewelers.com,https://crownjewelers.com
crumpler,https://crumpler.com
Cufflinks.com,https://cufflinks.com
Cult Beauty Ltd.,https://cultbeauty.co.uk
Cult of Coquette,https://cultofcoquette.com
Cultura - FR,https://cultura.com
Cultural Elements,https://culturalelements.com
cupshe,https://cupshe.com
CURRENT/ELLIOTT,https://currentelliott.com
Curvissa,https://curvissa.co.uk
cutieandpatootie.com,https://cutieandpatootie.com
cutterbuck.com,https://cutterbuck.com
Cynthia Rowley,https://cynthiarowley.com
Cyrillus,https://cyrillus.fr
Damart,https://damart.co.uk
Damsel in a Dress,https://damselinadress.co.uk
dance shoes online,https://danceshoesonline.com
Daniel Footwear,https://danielfootwear.com
danskin.com,https://danskin.com
DB3 Online,https://db3online.com
Dead Good Undies,https://deadgoodundies.com
DEFshop,https://def-shop.com
defunker.com,https://defunker.com
designashirt.com,https://designashirt.com
Designer Desirables,https://designerdesirables.com
Designer Intimates,https://designerintimates.com
designer seven,https://en.designerseven.com
Designer Teez,https://designerteez.com
Destination Maternity,https://apeainthepod.com
Destination XL,https://destinationxl.com
DHStyles,https://dhstyles.com
diamondiberica.com,https://diamondiberica.com
diamonds-usa.com,https://diamonds-usa.com
Diane von Furstenberg,https://dvf.com
Dickey Shirts Clothing,https://dickeyshirts.com
Dickies,https://dickies.com
Diesel,https://diesel.com
Dillards,https://dillards.com
Discount Watch Store,https://discountwatchstore.com
discountstripper.com,https://discountstripper.com
disneystore.co.uk,https://disneystore.com
disneyworld.co.uk,https://disneyworld.co.uk
distino.com.au,https://distino.com.au
DL1961 Women,https://dl1961.com
Dockers,https://dockers.com
docpods.co.uk,https://docpods.co.uk
Dolce Vita,https://dolcevita.com
DolceFugo.com,https://dolcefugo.com
Dollar Sock Crew,https://dollarsockcrew.com
DollarDays,https://dollardays.com
Dolls Kill,https://dollskill.com
Donna Karan,https://donnakaran.com
Donna Karan New York- DKNY,https://donnakaran.com
Dooney & Bourke,https://dooney.com
Dorothee Schumacher,https://dorothee-schumacher.com
Dorthy Perkins,https://dorothyperkins.com
Douglas (Germany),https://douglas.cz
Dr.Scholls Shoes,https://drschollsshoes.com
Drapers and Damon's,https://drapers.com
Dream Products Catalog,https://dreamproductscatalog.com
Dressbarn,https://dressbarn.com
DressLily,https://dresslily.com
Dresslink,https://dresslink.com
drunterwelt,https://drunterwelt.com
DSPTCH,https://dsptch.com
Dune,https://dunelondon.com
DX.COM,https://dx.com
Dynamite Clothing,https://dynamiteclothing.com
E5 mode,https://e5mode.be
Eagle Creek,https://eaglecreek.com
East Essence,https://eastessence.com
Eastbay Athletic SportSource,https://final-score.com
Eastpak,https://eastpak.com
eaststore.com,https://eaststore.com
Easy Spirit,https://easyspirit.com
easypersonalisedgifts,https://easypersonalisedgifts.co.uk
eBags,https://ebags.com
eBay,https://ebay.com
Ecco,https://ecco.com
Echo Design,https://echodesign.com
Echt,https://echt.com.au
Eddie Bauer,https://eddiebauer.com
edenly.com,https://edenly.com
effyjewelers.com,https://effyjewelry.com
eggwhitesint.com,https://eggwhitesint.com
ElectriqueBoutique.com,https://electriqueboutique.com
Element,https://elementbrand.com
Eleonora Bonucci,https://eleonorabonucci.com
Elie Tahari,https://elietahari.com
elitejewels.com,https://elitejewels.com
ella paradis,https://ellaparadis.com
Ellesse,https://ellesse.com
Ellos,https://ellos.dk
Ellos Norge,https://ellos.no
eloquii,https://eloquii.com
EMP-Online,https://emp-online.es
emp.co.uk,https://emp.co.uk
EMP.fi,https://emp.fi
End Of Retail,https://endofretail.com
ennia lingerie,https://ennialingerie.com
ensorings.com,https://ensorings.com
Envie4u,https://envie4u.co.uk
Equestrian Collections,https://equestriancollections.com
Equipment,https://equipmentfr.com
ericdress.com,https://ericdress.com
eShakti,https://eshakti.com
Especially Yours,https://especiallyyours.com
Etnies,https://etnies.com
EveryoneDoesIt,https://everyonedoesit.com
everything skydiving,https://everythingskydiving.com
Evisu,https://evisu.com
ex-boyfriend,https://ex-boyfriendcollection.com
ExOfficio,https://exofficio.com
Express Clothing,https://express.com
eyedictive.com,https://eyedictive.com
eyeglasses.com,https://eyeglasses.com
eyeko,https://eyeko.com
eyongs.com,https://eyongs.com
Ezcosplay,https://ezcosplay.com
ezi sports,https://ezisports.com.au
F.Hinds Jewellers,https://fhinds.co.uk
fabfitfun,https://fabfitfun.com
Fabletics,https://fabletics.com
fairygood.nl,https://fairygood.nl
fairyseason.com,https://fairyseason.com
Falke.com,https://falke.com
Famous Footwear,https://famousfootwear.com
fancydress.com,https://fancydress.com
FansEdge,https://fansedge.com
fantasy lingerie,https://fantasylingerie.com.au
Farfetch,https://farfetch.com
Fashion To Figure,https://fashiontofigure.com
Fashion World,https://fashionworld.co.uk
fashioncode.de,https://fashioncode.de
Fashionisland,https://fashionisland.se
feeling sexy,https://feelingsexy.com.au
femailcreations.com,https://femailcreations.com
Fifty Plus,https://fiftyplus.co.uk
Figleaves,https://figleaves.com
Findust,https://findust.com
Finery London,https://finerylondon.com
finetuxedos.com,https://finetuxedos.com
Fingerhut,https://fingerhut.com
Finish Line,https://finishline.com
fitflop.com,https://fitflop.com
Five Finger Tees,https://fivefingertees.com
Flannels,https://flannels.com
Flight Club New York,https://flightclub.com
Flipkart,https://flipkart.com
Florsheim,https://florsheim.com
FOCO,https://foco.com
Foot Smart,https://footsmart.com
Footaction.com,https://footaction.com
Footasylum,https://footasylum.com
footshop - com,https://footshop.com
FORBES & LEWIS,https://forbesandlewis.com
foreo.com,https://foreo.com
Forever 21,https://forever21.com
foreverunique.co.uk,https://foreverunique.co.uk
Forward by Elyse Walker,https://forwardbyelysewalker.com
Forzieri,https://forzieri.com
Fossil,https://fossil.com
Fox Creek Leather,https://foxcreekleather.com
Foxcroft,https://foxcroftcollection.com
Francesca’s Collections,https://francescas.com
frandeli.dk,https://frandeli.dk
frankandoak.com,https://frankandoak.com
Fred Meyer Jewelers,https://fredmeyerjewelers.com
Freda Salvador,https://fredasalvador.com
Frederick's of Hollywood Lingerie,https://fredericks.com
Free People,https://freepeople.com
freewaters.com,https://freewaters.com
French Connection,https://frenchconnection.com
Freshpair,https://freshpair.com
frolic by carmella,https://funandplayful.com
Frugi,https://welovefrugi.com
ful.com,https://ful.com
G-Star RAW,https://g-star.com
G.H. Bass,https://ghbass.com
Gaffos.com,https://gaffos.com
Gaiam,https://gaiam.com
gang fashion,https://gang-fashion.com
Gant,https://gant.co.uk
GAP,https://secure-gap.com
Gap Factory,https://gapfactory.com
gapcanada.ca,https://gapcanada.ca
Garage,https://garageclothing.com
Gauge81,https://gauge81.com
GearBest,https://gearbest.com
Gemondo Jewellery,https://gemondo.com
gents.se,https://gents.se
getdigital.de,https://getdigital.de
Getzs,https://getzs.com
Ghurka,https://ghurka.com
Gifts For You Now,https://giftsforyounow.com
Giggleberries Mens Underwear,https://giggleberries.co.uk
GiGi New York/Graphic Image,https://graphicimage.com
giuseppezanottidesign.com,https://giuseppezanottidesign.com
Glasses Direct,https://glassesdirect.co.uk
Glasses Etc.,https://glassesetc.com
Glasses.com,https://glasses.com
GlassesShop,https://glassesshop.com
GlobeIn,https://globein.com
GLOBO Shoes,https://globoshoes.com
Gluecksgeschenk.de,https://gluecksgeschenk.de
Goddiva UK,https://goddiva.co.uk
goldenmine.com,https://goldenmine.com
goldia.com,https://goldia.com
golfhouse.de,https://golfhouse.de
GOOD AMERICAN,https://goodamerican.com
goop,https://goop.com
gordonsjewelers.com,https://gordonsjewelers.com
Grayers,https://grayers.com
Great Plains,https://greatplains.co.uk
greats,https://greats.com
greekcreations.com,https://greekcreations.com
GroopDealz,https://groopdealz.com
Groupon FR,https://groupon.fr
Guess,https://guess.com
GUESS by Marciano,https://guessbymarciano.guess.com
Gunnars.com,https://gunnars.com
Gwynnie Bee,https://gwynniebee.com
Gymboree,https://gymboree.com
Gymboree & Crazy 8,https://janieandjack.com
Haband,https://haband.com
haggar.com,https://haggar.com
Halloween Costumes,https://halloweencostumes.com
halloween-town.de,https://halloween-town.de
Halston Heritage,https://halston.com
Hammacher Schlemmer,https://hammacherschlemmer.com
Hammitt,https://hammitt.com
Hanes Underwear,https://hanes.com
Hanna Andersson,https://hannaandersson.com
happyfeet.com,https://happyfeet.com
Harrods,https://harrods.com
Harvey Nichols,https://harveynichols.com
Hat Club,https://hatclub.com
hatchcollection.com,https://hatchcollection.com
Hatcountry,https://hatcountry.com
Hatley,https://hatley.com
hats by the hundred,https://hatsbythe100.com.au
Hautelook,https://hautelook.com
hawaiian jewelry at paradisecollection.com,https://paradisecollection.com
HBX,https://hypebeast.com
hcsmykker.dk,https://hcsmykker.dk
Headline Shirts,https://headlineshirts.net
Heartland America,https://heartlandamerica.com
heidiklein.com,https://heidiklein.com
HEINE SHOP,https://heine-shop.nl
heist-studios.com,https://heist-studios.com
Hello Molly,https://hellomolly.com
Helmut Lang,https://helmutlang.com
hema.nl,https://hema.com
HerRoom,https://herroom.com
Herve Leger,https://herveleger.com
Hervia,https://hervia.com
Hickies Inc.,https://hickies.com
highchi,https://highchi.com
Hip Hop Bling,https://hiphopbling.com
hirmer.de,https://hirmer.de
His Room Underwear,https://hisroom.com
Hobbs,https://hobbs.co.uk
hogan.com,https://hogan.com
Hoka One One,https://hokaoneone.com
Holabird Sports,https://holabirdsports.com
homage.com,https://homage.com
Hooked On Phonics,https://hookedonphonics.com
Horrorklinik,https://horrorklinik.com
horsehats.com,https://horsehats.com
Hot Diamonds,https://hotdiamonds.co.uk
Hot Topic,https://hottopic.com
hothair,https://hothair.co.uk
Hotter Shoes UK,https://hottershoes.com
Hotter Shoes US,https://hotterusa.com
House of Fraser,https://houseoffraser.co.uk
Hudson Jeans,https://hudsonjeans.com
Hugo Boss,https://hugoboss.com
humoroust-shirts.com,https://humoroust-shirts.com
hunkemoller.fr,https://hunkemoller.com
Hunter,https://hunterboots.com
Hush Homewear,https://hush-uk.com
Hush Puppies,https://hushpuppies.com
hutshopping.de,https://hutshopping.de
Hutx.de,https://hutx.de
Hypeach.com,https://hypeach.com
Hyvinvoinnin Tavaratalo,https://hyvinvoinnin.fi
I'd Rather Be With My Dog,https://idratherbewithmydog.net
ICASQUE,https://icasque.com
Idakoos LLC,https://idakoos.com
Ideal World,https://idealworld.tv
Illesteva,https://illesteva.com
Ily Couture,https://ilycouture.com
iMomoko.com,https://imomoko.com
In The Style,https://inthestyle.com
incase.com,https://incase.com
indianselections.com,https://indianselections.com
individualsoftware.com,https://individualsoftware.com
indochino.com,https://indochino.com
InhabitNY,https://inhabitny.com
inkkas,https://inkkas.com
Inspire Uplift,https://inspireuplift.com
Inspired Silver,https://inspiredsilver.com
Insta Slim - Slimming Compression Shirts for Men,https://instaslim.com
Intermix,https://intermixonline.com
Invito,https://invito.com
irvs.com,https://irvsluggage.com
Isabella,https://isabella.fr
Isabella Oliver,https://isabellaoliver.com
Italist,https://italist.com
Ivory Ella,https://ivoryella.com
izidress.com,https://izidress.com
J.McLaughlin,https://jmclaughlin.com
ja-hochzeitsshop.de,https://ja-hochzeitsshop.de
Jacamo,https://jacamo.co.uk
Jack Erwin,https://jackerwin.com
Jack Rogers USA,https://jackrogersusa.com
Jack Threads,https://jackthreads.com
James Perse,https://jamesperse.com
Jane,https://jane.com
JanSport,https://jansport.com
Jared The Galleria of Jewelry,https://jared.com
jclub.com,https://jclub.com
JCPenney,https://jcpenney.com
JD Sports,https://jdsports.com
JD Williams,https://jdwilliams.com
Jeanswelt.de,https://jeanswelt.de
Jessica Buurman,https://shopjessicabuurman.com
Jessica London,https://jessicalondon.com
JewelMint Lead Campaign,https://jewelmint.com
JewelMint.com,https://start.jewelmint.com
jewelry vortex,https://jewelryvortex.com
JewelryAffairs,https://jewelryaffairs.com
jewelryimpressions.com,https://jewelryimpressions.com
Jigsaw,https://jigsaw-online.com
Jildor Shoes,https://jildorshoes.com
Jilian Michaels,https://jillianmichaels.com
Jill Milan,https://jillmilan.com
Jimmy Choo,https://jimmychoo.com
Jimmy Jazz,https://jimmyjazz.com
jinsoon,https://jinsoon.com
JKL Clothing,https://jklclothing.co.uk
Joann Fabric and Crafts,https://joann.com
Joe's New Balance Outlet,https://joesnewbalanceoutlet.com
JOHN ELLIOTT,https://johnelliott.com
John Varvatos,https://johnvarvatos.com
Johnston & Murphy,https://johnstonmurphy.com
Joie,https://joie.com
Jomashop.com & JomaDeals.com,https://jomashop.com
Jones New York,https://jny.com
Jos. A. Bank,https://josbank.com
Joseph,https://joseph.co.uk
josephturner.co.uk,https://josephturner.co.uk
Joules,https://joules.com
Journeys,https://journeys.com
JudaicaWebStore.com,https://judaicawebstore.com
Julep Beauty Inc,https://julep.com
JulesB,https://julesb.co.uk
Junk Food Clothing,https://junkfoodclothing.com
JUNOACTIVE,https://junonia.com
Just Be Nice,https://justbenice.com
just jewellery (au),https://justjewellery.com.au
Just Last Season,https://justlastseason.co.uk
Just Underthings,https://justunderthings.com
justfab.com,https://justfab.com
Justice,https://shopjustice.com
JustMySize,https://justmysize.com
K-Mart,https://kmart.com
ka gold jewelry,https://ka-gold-jewelry.com
kaleidoscope.co.uk,https://kaleidoscope.co.uk
Kanui BR,https://kanui.com.br
Karen Kane,https://karenkane.com
Karen Millen,https://karenmillen.com
Karmaloop,https://karmaloop.com
karneval-arena,https://karneval-arena.de
Karstadt - Online Shop,https://karstadt.de
Kate Spade New York,https://katespade.com
Keds,https://keds.com
KEEN Footwear,https://keenfootwear.com
Kelkoo,https://kelkoo.co.uk
kendra scott,https://kendrascott.com
Kenneth Cole,https://kennethcole.com
Khongboon Swimwear,https://khongboonswimwear.com
KicksUSA,https://kicksusa.com
Kidorable.com,https://kidorable.com
kidpik.com,https://kidpik.com
kids fashion brokers,https://kidsfashionbrokers.com
Kigurumi Shop,https://kigurumi-shop.com
kikocosmetics.com,https://kikocosmetics.com
King Size,https://kingsize.com
Kipling FR,https://kipling.com
Kipling US,https://kipling-usa.com
Kirna Zabete,https://kirnazabete.com
Kit Bag,https://kitbag.com
kiyonna.com,https://kiyonna.com
KJ Beckett,https://kjbeckett.com
klarstein uk,https://klarstein.co.uk
Kleertjes.com NL,https://kleertjes.com
kleren.com,https://kleren.com
klik belts,https://klikbelts.com
klokker.no,https://klokker.no
Knittingforprofit.com,https://knittingforprofit.com
koffer24.de,https://koffer24.de
"KOODING, Inc.",https://kooding.com
Koral,https://koral.com
krudmart.com,https://krudmart.com
krueger-dirndl.de,https://krueger-dirndl.de
KUIU,https://kuiu.com
Kule,https://kule.com
Kurt Geiger,https://kurtgeiger.com
L'Agence,https://lagencefashion.com
L*Space,https://lspace.com
L.K. Bennett,https://lkbennett.com
La Garconne,https://lagarconne.com
La Redoute,https://laredoute.com
La Redoute BE,https://laredoute.be
La Redoute ES,https://laredoute.es
La Redoute NO,https://laredoute.no
Lace - DE,https://lace.de
Lakeside Collection,https://lakeside.com
Land's End,https://landsend.com
Lands End DE,https://landsend.de
Lane Bryant,https://lanebryant.com
Lane Crawford,https://lanecrawford.com
Lauf-Bar,https://lauf-bar.de
Lauren Moshi,https://laurenmoshi.com
lavinia lingerie & activewear,https://lavinialingerie.com
Lavish Alice,https://lavishalice.com
Lazada,https://lazada.co.id
LazyOne,https://lazyone.com
Ledbury,https://ledbury.com
lenscrafterscontacts.com,https://lenscrafters.com
Lenson NL,https://lenson.nl
lensway.co.uk,https://lensway.com
Leonisa,https://leonisa.com
Les Mills Clothing,https://lesmillsequipment.com
Lets Deal NO,https://letsdeal.no
LETS RAGE CLOTHING,https://letsrageclothing.com
Liberty London,https://libertylondon.com
Lids,https://lids.com
Life is good,https://lifeisgood.com
Life Style Sports,https://lifestylesports.com
lifestride.com,https://lifestride.com
Light in the Box,https://lightinthebox.com
Lilly Pulitzer,https://lillypulitzer.com
lilywedding.com - discount wedding dresses & bridal gowns,https://lilywedding.com
Links of London,https://linksoflondon.com
Little Mistress,https://little-mistress.com
Littlewoods,https://littlewoods.com
Littman Jewelers,https://littmanjewelers.com
LIVELY,https://wearlively.com
livingproof.com,https://livingproof.com
livingtools,https://livingtools.de
LN-CC,https://ln-cc.com
Loeffler Randall,https://loefflerrandall.com
LOFT,https://loft.com
lollicouture.com,https://pinkbasis.com
Lollipop Moon,https://lollipopmoon.com
longtallsally.com,https://longtallsally.com
Look At Me Shirts,https://lookatmeshirts.com
Look Human,https://lookhuman.com
Lord & Taylor,https://lordandtaylor.com
lorenjewels.com,https://lorenjewels.com
Lorna Jane,https://lornajane.com
Loudclothing.com,https://loudclothing.com
Lovell-Rugby UK,https://lovell-rugby.co.uk
lovellsoccer.co.uk,https://lovellsoccer.co.uk
LovelyWholesale,https://lovelywholesale.com
LTD Commodities,https://ltdcommodities.com
Lucky Brand Jeans,https://luckybrand.com
Lucky Shot,https://realbullet.com
Lucy.com,https://lucy.com
lugz.com,https://lugz.com
LUISAVIAROMA,https://luisaviaroma.com
Lulu Frost,https://lulufrost.com
Lulu's,https://lulus.com
lululemon,https://lululemon.com
luvyle.com,https://luvyle.com
Luxe Designer Handbags,https://luxedesignerhandbags.com
lxr & co.,https://lxrco.com
Lyle and Scott,https://lyleandscott.com
Lysse,https://lysse.com
M and M Direct IE,https://mandmdirect.ie
M&Co,https://mandco.com
m-sewing.com,https://m-sewing.com
M. Gemi,https://mgemi.com
Mable's Lables,https://mabelslabels.com
machja.fr,https://machja.fr
Mackage,https://mackage.com
Macy's,https://macys.com
Madam Rage,https://madamrage.com
Madda Fella,https://maddafella.com
madeleine.fr,https://madeleine.fr
Madewell,https://madewell.com
Madison Style,https://madisonstyle.com
Magellans,https://magellans.com
magnablade,https://magnablade.com
Maidenform,https://maidenform.com
Mainline Menswear,https://mainlinemenswear.com
makeusmiletees,https://makeusmiletees.com
mama;licious,https://mamalicious.com
MandM Direct,https://mandmdirect.com
MandMDirect FR,https://mandmdirect.fr
mandmdirect.dk,https://mandmdirect.dk
MannequinRunway,https://mannequinrunway.com
Mappin & Webb,https://mappinandwebb.com
Marc Jacobs,https://marcjacobs.com
Marisota,https://marisota.co.uk
Mark and Graham,https://markandgraham.com
markenkoffer.de,https://markenkoffer.de
Markenschuhe.de,https://markenschuhe.de
Marks & Spencer IE,https://marksandspencer.ie
Marks.com,https://marks.com
Mart of China,https://martofchina.com
Maryland Square,https://marylandsquare.com
massdrop,https://massdrop.com
Matches Fashion,https://matchesfashion.com
Matt & Nat,https://mattandnat.com
maurices.com,https://maurices.com
MaxCleavage,https://maxcleavage.com
Maxwell Scott,https://maxwellscottbags.com
MAYKOOL,https://maykool.com
McGregor Store,https://mcgregorstore.com
mcm,https://mcmworldwide.com
meandem.com,https://meandem.com
Men's USA,https://mensusa.com
Men's Wearhouse,https://menswearhouse.com
MenLook,https://menlook.com
mensitaly,https://mensitaly.com
Merrell,https://merrell.com
MeUndies,https://meundies.com
Miansai,https://miansai.com
Michael Kors,https://michaelkors.com
michael lauren,https://michaellaurenclothing.com
Michael Stars,https://michaelstars.com
MidwayUSA,https://midwayusa.com
Milanoo,https://milanoo.com
Milanoo IT,https://milanoo.com
Milanoo.DE,https://milanoo.com
Milky Way Jewelry,https://beads.us
millets.co.uk,https://millets.co.uk
mindy mae's market,https://mindymaesmarket.com
minerva crafts,https://minervacrafts.com
Minnetonka Moccasin Co.,https://minnetonkamoccasin.com
Miss Selfridge,https://missselfridge.com
Mister Shape,https://mistershape.com
mister spex,https://misterspex.de
Mizuno Shop,https://mizunoshop.net
mltailor,https://mltailor.com
MM.LaFleur,https://mmlafleur.com
MMA Overload,https://mmaoverload.com
Moda Operandi,https://modaoperandi.com
modainpelle.com,https://modainpelle.com
modanisa.com,https://modanisa.com
ModCloth,https://modcloth.com
modlily.com,https://modlily.com
mogani.de,https://mogani.de
Monnier Frères UK,https://monnierfreres.co.uk
Monsoon,https://monsoon.co.uk
Moose Limited,https://mltd.com
Moss Bros,https://mossbros.ie
Motoin,https://motoin.de
Mountain Warehouse,https://mountainwarehouse.com
Musto.com,https://musto.com
Muubaa,https://muubaa.com
My Cuban Store,https://mycubanstore.com
My Theresa,https://mytheresa.com
my-Spexx.de,https://my-spexx.de
Mybag.com,https://mybag.com
MyRegistry.com,https://myregistry.com
myweddingfavors.com,https://myweddingfavors.com
N.Peal,https://npeal.com
NA-KD,https://na-kd.com
nadine west,https://nadinewest.com
Nantucket Brand,https://nantucketbrand.com
National Pen,https://pens.com
National Trust Online Shop,https://shop.nationaltrust.org.uk
Natori,https://natori.com
Naturalizer,https://naturalizer.com
naturalizer.ca,https://naturalizer.com
naturino los gatos,https://naturinolosgatos.com
Nautica,https://nautica.com
Nelly,https://nelly.com
neo-piercing.com,https://neo-piercing.com
Netaya Jewlery,https://netaya.com
New Balance,https://newbalance.com
New Era Cap,https://neweracap.com
New Look,https://newlook.com
New York & Company,https://nyandcompany.com
Newchic,https://newchic.com
Next Pair,https://nextpair.com
nililotan.com,https://nililotan.com
Nina Shoes,https://ninashoes.com
Nine West,https://ninewest.com
Nixon,https://nixon.com
Noel Asmar Group,https://noelasmaruniforms.com
Nordstrom,https://nordstrom.com
Nordstrom Rack,https://nordstromrack.com
novelty shop,https://noveltyshop.com.au
NOVICA,https://novica.com
Nu3.de DE,https://nu3.de
NuMe Products,https://numeusa.com
nunnbush.com,https://nunnbush.com
NYDJ,https://nydj.com
Oakley,https://oakley.com
oakley standard issue,https://oakleysi.com
Oasap,https://oasap.com
Office.co.uk,https://office.co.uk
Old Navy,https://oldnavy.com
Oliver Bonas Ltd,https://oliverbonas.com
On My Skin,https://onmyskin.de
One Stop Plus,https://onestopplus.com
onehanesplace.com,https://onehanesplace.com
OnePiece,https://onepiece.com
OneStopPlus - SE,https://onestopplus.se
Online Shoes,https://onlineshoes.com
online.chescadirect.co.uk,https://online.chescadirect.co.uk
OnlineFabricStore,https://onlinefabricstore.com
onlinegolf.co.uk,https://onlinegolf.co.uk
opal auctions,https://opalauctions.com
Orvis,https://orvis.com
Oscar & Belle,https://oscarandbelle.com
Oscar De La Renta,https://oscardelarenta.com
OshKosh B'gosh,https://oshkoshbgosh.com
OTTO DE,https://otto.de
Our Campus Market,https://ocm.com
outdoor gear exchange,https://gearx.com
Outdoor Look 2,https://outdoorlook.co.uk
outdoor voices,https://outdoorvoices.com
outdoorgear.co.uk,https://outdoorgear.co.uk
Outnorth - NO,https://outnorth.de
Overstock,https://overstock.com
Overton's,https://overtons.com
Oxfam Online Shop,https://oxfam.org
Oxygen Boutique,https://oxygenboutique.com
Paapi SE,https://paapi.se
Packs Project,https://packsproject.com
PacSun,https://pacsun.com
Pactimo UK,https://pactimo.com
Pad and Quill,https://padandquill.com
Paige Denim,https://paigeusa.com
pajamashoppe.com,https://pajamashoppe.com
PandaHall,https://pandahall.com
papermart.com,https://papermart.com
Paradise Fibers,https://paradisefibers.com
Pat McGrath,https://patmcgrath.com
Paul Fredrick,https://paulfredrick.com
Paul Smith,https://paulsmith.co.uk
Paula Young,https://paulayoung.com
Pavers,https://shoe-shop.com
PeaceLoveWorld,https://peaceloveworld.com
pearlescence,https://pearlescence.co.uk
pearlwater jewellery,https://pearlwaterjewellery.co.uk
peoplesjewellers.com,https://peoplesjewellers.com
Perry Ellis,https://perryellis.com
Peruvian Connection,https://peruvianconnection.com
peter kaiser,https://peter-kaiser.de
Peter Manning NYC,https://petermanningnyc.com
Peter Millar,https://petermillar.com
Petit Bateau,https://petit-bateau.co.uk
PF Flyers,https://pfflyers.com
Piercing Pagoda,https://pagoda.com
piercing-store,https://piercing-store.com
pink frosting,https://pinkfrosting.com.au
PinkBlush Maternity,https://pinkblushmaternity.com
PITAKA,https://ipitaka.com
Pixie Market,https://pixiemarket.com
plainlazy.com,https://plainlazy.com
Positively Organic,https://positively-organic.com
Posthaus BR,https://posthaus.com.br
Pottery Barn Teen,https://pbteen.com
Prana,https://prana.com
Premier Man,https://premierman.com
Pretty Green,https://prettygreen.com
PrettyLittleThing,https://prettylittlething.us
PriceGrabber,https://viglink.pgpartner.co.uk
Primitive Skate,https://primitiveskate.com
prioritypass.com,https://prioritypass.com
Private Island Party,https://privateislandparty.com
Prive Revaux,https://priverevaux.com
Proenza Schouler,https://proenzaschouler.com
Protest Boardwear,https://protest.eu
provizsports.com,https://provizsports.com
Pull and Bear,https://pullandbear.com
Pura Vida Bracelets,https://puravidabracelets.com
Pure Collection,https://purecollection.com
Purely Diamonds,https://purelydiamonds.co.uk
qalo,https://qalo.com
quayaustralia.com,https://quayaustralia.com
Quiksilver,https://quiksilver.com
quint - DK,https://quint.dk
Quiz,https://quizclothing.co.uk
QVC,https://qvc.com
Radley and Co. Ltd.,https://radley.co.uk
rag and bone,https://rag-bone.com
Rally House,https://rallyhouse.com
Rare London,https://rarelondon.com
Readers.com,https://readers.com
Rebecca Minkoff & Ben Minkoff,https://rebeccaminkoff.com
Rebecca Taylor,https://rebeccataylor.com
red dress boutique,https://reddressboutique.com
Reebok,https://reebok.com
reeds.com,https://reeds.com
Reef,https://reef.com
Reformation,https://thereformation.com
REISS LTD,https://reiss.com
Rent the Runway,https://renttherunway.com
Repertoire Fashion,https://repertoirefashion.co.uk
Retro Stage,https://1920-fashion-dress.myshopify.com
retrofootballtshirts.co.uk,https://retrofootballtshirts.co.uk
Revant Optics,https://revantoptics.com
Revolve Clothing,https://revolveclothing.com
ripstop by the roll,https://ripstopbytheroll.com
RIPTapparel,https://riptapparel.com
Ritani,https://ritani.com
River Island,https://riverisland.com
Roaman's,https://roamans.com
robertgraham.us,https://robertgraham.us
Rockport.com,https://rockport.com
rocksbox.com,https://rocksbox.com
Roland Mouret,https://rolandmouret.com
roman originals,https://romanoriginals.co.uk
ROMWE,https://romwe.com
Romwe Fashion,https://romwe.com
Room It Up,https://roomitup.com
Roots Canada,https://roots.com
RoseGal.com,https://rosegal.com
Rosewe,https://rosewe.com
Rosewholesale.com,https://rosewholesale.com
Ross-Simons,https://ross-simons.com
Route One,https://routeone.co.uk
Roxy,https://roxy.com
Rubber Sole,https://rubbersole.co.uk
Rue21,https://rue21.com
Ruelala,https://ruelala.com
rutlandcycling.com,https://rutlandcycling.com
Ryka,https://ryka.com
s.Oliver,https://soliver.de
s.oliver-shop.de,https://s.oliver-shop.de
SABA Australia,https://saba.com.au
Saks Fifth Avenue,https://saksfifthavenue.com
Saks Fifth Avenue OFF 5TH,https://saksoff5th.com
Sally Beauty,https://sallybeauty.com
Salt Life,https://saltlife.com
sam edelman,https://samedelman.com
SammyDress,https://sammydress.com
Samuel-Windsor,https://samuel-windsor.co.uk
Sanuk,https://sanuk.com
Sarenza,https://sarenza.com
sassandbide.com,https://sassandbide.com
Saturdays Surf NYC,https://saturdaysnyc.com
satya jewelry,https://satyajewelry.com
saucony.com,https://saucony.com
savage london,https://savagelondon.com
savilerowco.com,https://savilerowco.com
saxx underwear,https://saxxunderwear.com
Scapino NL,https://scapino.nl
Scarosso,https://scarosso.com
scherzartikel-geschenke,https://scherzartikel-geschenke.de
schiesser.com - Unterwäsche und Sportwäsche,https://schiesser.com
schoenherr.de,https://schoenherr.de
Schuh,https://schuh.co.uk
Schuh Ireland,https://ie.schuhstore.co.uk
Schuhtempel24,https://schuhtempel24.de
Scosche,https://scosche.com
scottevest.com,https://scottevest.com
Scotts of Stow,https://scottsofstow.co.uk
Scottsdale Golf,https://scottsdalegolf.co.uk
scubastore.com,https://scubastore.com
Sears,https://sears.com
secretsales.com,https://secretsales.com
Seidensticker,https://seidensticker.com
Selfridges,https://selfridges.com
seniorenland,https://seniorenland.com
Seraphine,https://seraphine.com
sewertees,https://sewertees.com
she thinx,https://shethinx.com
Sheep Skin Store,https://sheepskinstore.co.nz
SheIn,https://shein.com
ShiekhShoes,https://shiekhshoes.com
shinesty.com,https://shinesty.com
shirtcity,https://shirtcity.com
shirtinator.de,https://shirtinator.at
shoe palace,https://shoepalace.com
Shoeaholics,https://shoeaholics.com
SHOEBACCA,https://shoebacca.com
Shoebuy.com,https://shoebuy.com
ShoeCarnival,https://shoecarnival.com
shoedazzle.com,https://shoedazzle.com
Shoeline,https://shoeline.com
shoemall.com,https://shoemall.com
Shoes,https://shoes.com
shoes cancan,https://shoes-cancan.com
Shoes for Crews,https://sfceurope.com
Shoes.co.uk Ltd.,https://shoes.co.uk
shoesinternational.com,https://shoesinternational.com
Shoespie,https://shoespie.com
SHOLDIT,https://sholdit.com
Shop Harper’s BAZAAR,https://shopbazaar.com
Shop Hong Kong,https://shophongkong.hk
Shop Malaysia,https://shopmalaysia.com
Shop Savannahs,https://shopsavannahs.com
Shop WSS,https://shopwss.com
shop.nhl.com,https://nhl.com
Shop2gether BR,https://shop2gether.com.br
shop4runners,https://shop4runners.com
Shopbop,https://shopbop.com
shopnicekicks.com,https://shopnicekicks.com
shoppe watch,https://shoppewatch.com
Shoptiques,https://shoptiques.com
SHOPVIDA,https://shopvida.com
Shot Dead in the Head,https://shotdeadinthehead.com
Show Me Your Mumu,https://showmeyourmumu.com
sieraden4life.nl,https://bobbibrown.co.uk
silkies.com,https://silkies.com
Silver Jeans,https://silverjeans.com
Simply Be,https://simplybe.com
simplybeach.com,https://simplybeach.com
simplyhike.co.uk,https://simplyhike.co.uk
simplyswim.com,https://simplyswim.com
Singer22,https://singer22.com
Siwy Denim,https://siwydenim.com
size?,https://size.co.uk
Skechers,https://skechers.com
Skechers UK,https://skechers.com
SLEEFS,https://sleefs.com
Smartguy,https://smartguy.se
Smartwool,https://smartwool.com
smykker-online.dk,https://smykker-online.dk
sneak-a-venue.de,https://sneak-a-venue.com
sneaker villa,https://ruvilla.com
Soccer Box,https://soccerbox.com
Soccer.com,https://soccer.com
Society6,https://society6.com
"Sock Fancy, LLC",https://sockfancy.com
Sock Rush,https://sockrush.com
sockshop.co.uk,https://sockshop.co.uk
Soffe,https://soffe.com
Sofft Shoes,https://sofftshoe.com
Soft Sorroundings,https://softsurroundings.com
Sole Society,https://solesociety.com
Soletrader,https://soletraderoutlet.co.uk
solid & striped,https://solidandstriped.com
SOLSTICEsunglasses.com,https://solsticesunglasses.com
Soma,https://soma.com
Sonnenbrillenladen.de,https://sonnenbrillenladen.de
Sorel,https://sorel.com
South Moon Under,https://southmoonunder.com
Space NK,https://spacenk.com
Spanx.com,https://spanx.com
Spartoo UK,https://spartoo.com
Speck,https://speckproducts.com
Spencer Gifts,https://spencersgifts.com
Sperry Top-Sider,https://sperrytopsider.com
Splendid,https://splendid.com
sportfanshop24.de,https://sportfanshop24.de
Sports Unlimited,https://sportsunlimitedinc.com
Sportscheck - Alles fuer Sport und Freizeit,https://sportscheck.com
Sportscraft Australia,https://sportscraft.com.au
SportsDirect.com,https://sportsdirect.com
Spreadshirt,https://spreadshirt.co.uk
SPY Optic,https://spyoptic.com
sr racing,https://srracing.com
ss20.com,https://ss20.com
SSENSE,https://ssense.com
St. John,https://stjohnknits.com
Stacy Adams,https://stacyadams.com
STADIUM GOODS,https://stadiumgoods.com
Stand Out,https://stand-out.net
start-london.com,https://start-london.com
startriteshoes.com,https://startriteshoes.com
State Cashmere,https://statecashmere.com
stayhard.se,https://stayhard.no
stefaniamode.com,https://stefaniamode.com
Stella & Dot,https://stelladot.com
sterling silver jewellery,https://joolpool.com
Steve Madden,https://stevemadden.com
Steve Madden CA,https://stevemadden.com
StockX,https://stockx.com
store.rock.com,https://store.rock.com
storm cricket,https://stormcricket.ie
Stradivarius,https://stradivarius.com
Stride Rite,https://striderite.com
Stuart Weitzman - US,https://stuartweitzman.com
Stuarts London,https://stuartslondon.com
STYLEBOP,https://stylebop.com
StyleMint.com,https://stylemint.com
Stylenanda,https://stylenanda.com
styleserver.de,https://styleserver.de
stylewe.com,https://stylewe.com
StylinOnline,https://stylinonline.com
Submarino,https://submarino.com
Subside Sports,https://subsidesports.com
Suitableshop NL,https://suitableshop.nl
Suits Men,https://suitsmen.co.uk
Sun Frog Shirts,https://sunfrogshirts.com
Sundance Catalog,https://sundancecatalog.com
Sunglasses Shop,https://sunglasses-shop.co.uk
sunspel.com,https://sunspel.com
Superdry,https://superdry.com
Superga,https://superga-usa.com
Superhero Stuff,https://superherostuff.com
SuperJeweler,https://superjeweler.com
surfdome.com,https://surfdome.com
Svala,https://svala.co
Svensk Hälsokost,https://svenskhalsokost.se
svmoscow,https://svmoscow.com
swakdesigns.com,https://swakdesigns.com
swap.com,https://swap.com
Swarovski,https://swarovski.com
sweatband.com,https://sweatband.com
Sweaty Betty,https://sweatybetty.com
swedishhasbeens.com,https://swedishhasbeens.com
SWELL,https://swell.com
swerve.co.uk,https://swerve.co.uk
swiminn,https://swiminn.com
Swimspot,https://swimspot.com
Swimsuits For All,https://swimsuitsforall.com
szul.com,https://szul.com
t-a-o.com,https://t-a-o.com
tacticaldistributors.com,https://tacticaldistributors.com
Tactics,https://tactics.com
Tafford,https://tafford.com
TAGS.COM,https://tags.com
Tailor Store,https://tailorstore.de
Talbots,https://talbots.com
Tamara Mellon,https://tamaramellon.com
Tan Through Swimware,https://tanthrough.com
Tanga,https://tanga.com
tanner-tailor.de,https://tanner-tailor.de
Target,https://target.com
targetoptical.com,https://targetoptical.com
Tarte Cosmetics,https://tartecosmetics.com
tasc Performance,https://tascperformance.com
Taschenkaufhaus DE,https://taschenkaufhaus.de
TB Dress,https://tbdress.com
Tea Collection,https://teacollection.com
Tech21,https://tech21.com
Ted Baker,https://tedbaker.com
Tee Fury,https://teefury.com
Teespring,https://teespring.com
tessabit.com,https://tessabit.com
teva.com,https://teva.com
TFNC London,https://tfnclondon.com
thatsmyshirt.com,https://thatsmyshirt.com
The All in One Company,https://the-all-in-one-company.co.uk
The Black Bow,https://theblackbow.com
the bling king,https://theblingking.co.uk
"The Bon-Ton Department Stores, Inc.",https://bonton.com
The Cambridge Satchel Co.,https://cambridgesatchel.com
The Children's Place,https://childrensplace.com
the china inventory,https://thechinainventory.com
The Dressing Room,https://the-dressingroom.com
The Frye Company,https://thefryecompany.com
The House,https://the-house.com
The Hut,https://thehut.com
The Iconic AU,https://theiconic.com.au
The Insole Store,https://theinsolestore.com
The Irish Store,https://theirishstore.com
The Jewellery Channel,https://tjc.co.uk
The Knot,https://theknot.com
The North Face,https://thenorthface.com
The Outnet,https://theoutnet.com
The Present Finder,https://thepresentfinder.co.uk
The Sak,https://thesak.com
The Sportsman's Guide,https://sportsmansguide.com
The Walking Company,https://thewalkingcompany.com
The Warming Store,https://thewarmingstore.com
The Watch Co,https://watchco.com
The Watch Department,https://jurawatches.co.uk
The White Company,https://thewhitecompany.com
theapollobox.com,https://theapollobox.com
thechaingang.com,https://thechaingang.com
thegiftexperience.co.uk,https://thegiftexperience.co.uk
Theory,https://theory.com
thepaperstore.com,https://thepaperstore.com
TheRealReal,https://therealreal.com
thetiebar.com,https://thetiebar.com
theultimategreenstore.com,https://theultimategreenstore.com
thewebster.us,https://thewebster.us
Things Remembered,https://thingsremembered.com
ThirdLove,https://thirdlove.com
thisisaday.com,https://thisisaday.com
Thorlos Socks,https://thorlo.com
Threadless,https://threadless.com
Threadless.com,https://threadless.com
thredUP,https://thredup.com
Tibi,https://tibi.com
TideBuy International,https://tidebuy.com
tidemaster.co.uk,https://tidemaster.co.uk
ties and cuffs,https://tiesncuffs.com.au
Ties Planet,https://tiesplanet.com
ties.com,https://ties.com
Tiina the Store,https://tiinathestore.com
Tilley,https://tilley.com
Timberland,https://timberland.com
Timbuk2,https://timbuk2.com
Timepieces USA,https://timepiecesusa.com
timsboots.com,https://timsboots.com
TinyDeal,https://tinydeal.com
Tipsy Elves,https://tipsyelves.com
titaniumkay.com,https://titaniumkay.com
titanslockerroom.com,https://titanslockerroom.com
TJ Hughes,https://tjhughes.co.uk
toffs.com,https://toffs.com
Tom Joule,https://tomjoule.de
Tommy Bahama,https://tommybahama.com
Tommy Hilfiger,https://tommyhilfiger.nl
Tommy John,https://tommyjohn.com
TOMS Shoes,https://toms.com
topbuy.com.au,https://topbuy.com.au
Topshop,https://topshop.com
Torrid,https://torrid.com
Tory Burch,https://toryburch.com
totes ISOTONER,https://totes.com
TOUS,https://tous.com
trendor.de,https://trendor.de
trendtaschen24.de,https://trendtaschen24.de
trendybutler.com,https://trendybutler.com
trendygolf.com,https://trendygolfusa.com
Trilogy UK,https://trilogystores.co.uk
trouva.com,https://trouva.com
True Religion Jeans,https://truereligionbrandjeans.com
Trunk Club,https://trunkclub.com
Tshirt Bordello,https://tshirtbordello.com
Tuckernuck,https://tnuck.com
Turnbull & Asser,https://turnbullandasser.com
TV store online,https://tvstoreonline.com
Twillory,https://twillory.com
UFC Store,https://ufcstore.com
Ugg Australia,https://uggaustralia.com
uhrcenter,https://uhrcenter.de
UK Soccer Shop,https://uksoccershop.com
ullapopken.com,https://ullapopken.com
Ultimate Direction,https://ultimatedirection.com
Ultradiamonds,https://ultradiamonds.com
Uncommon Goods,https://uncommongoods.com
Under Armour,https://underarmour.com
underu.com,https://underu.com
Underverker,https://underverker.no
Uniqlo,https://uniqlo.com
UniqueVintage,https://unique-vintage.com
Universal Standard,https://universalstandard.com
uniwatches.dk,https://uniwatches.dk
UNTUCKit,https://untuckit.com
Unusual-Kids,https://unusual-kids.de
unusualthreads,https://unusualthreads.com
UpWest,https://upwest.com
Urban Excess,https://urbanexcess.com
Urban Industy,https://urbanindustry.co.uk
Urban Outfitters,https://urbanoutfitters.com
Urban Surfer,https://urbansurfer.co.uk
urban-stylistics,https://urban-stylistics.com
UrbaneBox,https://urbanebox.com
UrbanOG,https://urbanog.com
US Cellular,https://uscellular.com
us.mavi.com,https://mavi.com
USC,https://usc.co.uk
van Arendonk,https://vanarendonk.nl
vanmildert.com,https://vanmildert.com
Vans,https://vans.com
Vegaoo - DE,https://vegaoo.de
Velvet by Graham & Spencer,https://velvet-tees.com
Venus,https://venus.com
Vera Bradley,https://verabradley.com
vertbaudet - CH,https://vertbaudet.ch
Vertbaudet - PT,https://vertbaudet.pt
Vertbaudet DE,https://vertbaudet.ch
very cool t-shirts,https://verycooltshirts.com
Very Exclusive,https://very.co.uk
Very UK,https://very.co.uk
Vessi Footwear,https://vessifootwear.com
Vestiaire Collective,https://vestiairecollective.com
VigLink Insert,https://mb.trafficsafe.net
vikingsfanshop.com,https://vikingsfanshop.com
Village Hats and Caps UK,https://hatsandcaps.co.uk
Villeroy & Boch,https://villeroy-boch.com
Vince,https://vince.com
vineyard vines,https://vineyardvines.com
Vistaprint IT,https://vistaprint.it
Vitamin A Swim,https://vitaminaswim.com
vivastay.com,https://parfuemerie-pieper.de
Vivaterra,https://vivaterra.com
Vivobarefoot,https://vivobarefoot.com
ViX Swimwear,https://vixpaulahermanny.com
Voetbalshop,https://voetbalshop.nl
Vogue Wigs,https://voguewigs.com
Volcom,https://volcom.com
vrients.com,https://vrients.com
W Concept,https://wconcept.com
wackyplanet.com,https://wackyplanet.com
Wacoal Direct,https://wacoal-america.com
wafll - unofficial leeds united t-shirts and apparel,https://wafll-leeds-t-shirts.spreadshirt.net
walktall.co.uk,https://walktall.co.uk
Wallis (US),https://wallisfashion.com
Wallpaperdirect,https://wallpaperdirect.co.uk
Walmart,https://walmart.com
Warby Parker,https://warbyparker.com
Warehouse One,https://warehouse-one.de
warehouse.co.uk,https://warehouse.co.uk
Watch Warehouse,https://watchwarehouse.co.uk
watch-your-style.com,https://watch-your-style.com
Watches2U,https://watchesshop.com
WatchMaxx,https://watchmaxx.com
Waxing Poetic,https://waxingpoetic.com
wearyourbeer.com,https://wearyourbeer.com
WebJacket,https://webjacket.com
Westfalia UK,https://westfalia.net
Westward Leaning,https://westwardleaning.com
Wex Photo Video,https://wexphotovideo.com
Whistles,https://whistles.com
White + Warren,https://whiteandwarren.com
White House Black Market,https://whitehouseblackmarket.com
White Stuff,https://whitestuff.com
Wide Widths,https://widewidths.com
Wig.com,https://wig.com
Wild Dill,https://wilddill.com
wildemasche,https://wildemasche.com
Wildfox Couture,https://wildfox.com
Wilsons Leather,https://wilsonsleather.com
Wisconsinmade.com,https://wisconsinmade.com
Wizards of the West,https://wizardsofthewest.com
Wolf & Badger,https://wolfandbadger.com
Wolf and Badger,https://wolfandbadger.com
wolfgang man & beast,https://wolfgangusa.com
Wolky,https://wolkyshop.com
Wolverine.com,https://wolverine.com
Woman Within,https://womanwithin.com
womensuits.com,https://womensuits.com
woodhouseclothing.com,https://woodhouseclothing.com
Woodlore Cedar Products,https://woodlore.com
Wool Overs,https://woolovers.com
Wool Overs USA,https://woolovers.us
Woot,https://woot.com
World of Western,https://world-of-western.com
World Soccer Store,https://worldsoccershop.com
worldkeepershop.com,https://worldkeepershop.com
worldlacrosseshop.com,https://worldlacrosseshop.com
Worldwide Golf Shops,https://worldwidegolfshops.com
Wrangler,https://wrangler.com
wristbandexpress.com,https://wristbandexpress.com
Wynsors Shoes,https://wynsors.com
WyomingFlyFishing.com,https://wyomingflyfishing.com
Xaxe,https://xaxe.com
XCVI,https://xcvi.com
Yamibuy,https://yamibuy.com
Yes Style,https://yesstyle.com
Yizzam,https://yizzam.com
yoins,https://yoins.com
Younkers (Bon-Ton),https://younkers.com
Your City My City,https://yourcitymycity.com
Yumi Direct,https://yumidirect.co.uk
Yumi Kim,https://yumikim.com
"Yves Saint Laurent Beauty, L'Oreal USA, Inc.",https://yslbeautyus.com
Zaful,https://zaful.com
zalando lounge,https://zalando-lounge.at
Zappos,https://zappos.com
Zazzle,https://zazzle.com
Zenni Optical,https://zennioptical.com
zinus,https://zinus.com
zipit usa,https://zipitstore.com
zizowireless.com,https://zizowireless.com
Zulily,https://zulily.com
Zutano,https://zutano.com
ZZ - Pride Shack,https://prideshack.com
